{
  "dropout": 0.24621849074666607,
  "learning_rate": 1.2080723767494711e-05,
  "num_train_epochs": 3,
  "per_device_eval_batch_size": 16,
  "per_device_train_batch_size": 16,
  "warmup_steps": 300
}