{
  "dropout": 0.42532502085630974,
  "learning_rate": 1.3522992150013035e-05,
  "num_train_epochs": 3,
  "per_device_eval_batch_size": 64,
  "per_device_train_batch_size": 16,
  "warmup_steps": 100
}