{
  "dropout": 0.24935063073376693,
  "learning_rate": 2.7653942361809965e-05,
  "num_train_epochs": 3,
  "per_device_eval_batch_size": 32,
  "per_device_train_batch_size": 16,
  "warmup_steps": 200
}