{
  "dropout": 0.14781036779387624,
  "learning_rate": 0.0004749075429808152,
  "num_train_epochs": 3,
  "per_device_eval_batch_size": 32,
  "per_device_train_batch_size": 64,
  "warmup_steps": 300
}