{
  "dropout": 0.25891675105219714,
  "learning_rate": 6.368172354086954e-05,
  "num_train_epochs": 3,
  "per_device_eval_batch_size": 64,
  "per_device_train_batch_size": 32,
  "warmup_steps": 300
}