{
  "dropout": 0.32887133990179496,
  "learning_rate": 2.824248346154781e-05,
  "num_train_epochs": 3,
  "per_device_eval_batch_size": 32,
  "per_device_train_batch_size": 64,
  "warmup_steps": 300
}