{
  "dropout": 0.14034052383747087,
  "learning_rate": 1.9123381169591312e-05,
  "num_train_epochs": 3,
  "per_device_eval_batch_size": 64,
  "per_device_train_batch_size": 64,
  "warmup_steps": 200
}