{
  "dropout": 0.3107612097627558,
  "learning_rate": 1.0490681750610256e-05,
  "num_train_epochs": 3,
  "per_device_eval_batch_size": 32,
  "per_device_train_batch_size": 32,
  "warmup_steps": 200
}