{
  "dropout": 0.32796706661513975,
  "learning_rate": 2.239746713314558e-05,
  "num_train_epochs": 3,
  "per_device_eval_batch_size": 64,
  "per_device_train_batch_size": 64,
  "warmup_steps": 200
}