{
  "dropout": 0.3136494773440067,
  "learning_rate": 1.3885566735847059e-05,
  "num_train_epochs": 3,
  "per_device_eval_batch_size": 32,
  "per_device_train_batch_size": 32,
  "warmup_steps": 100
}