{
  "dropout": 0.3745155375506124,
  "learning_rate": 0.0007026670111161914,
  "num_train_epochs": 3,
  "per_device_eval_batch_size": 32,
  "per_device_train_batch_size": 16,
  "warmup_steps": 300
}