{
  "dropout": 0.4430493527200856,
  "learning_rate": 3.4441641823063844e-05,
  "num_train_epochs": 3,
  "per_device_eval_batch_size": 64,
  "per_device_train_batch_size": 32,
  "warmup_steps": 200
}